elements,std::list,std::deque,std::vector,
1000,14007,12596,10941,
2000,58807,43731,39211,
3000,119301,103421,108301,
4000,206736,194273,171308,
5000,298220,286583,245981,
6000,457744,415796,369999,
7000,615646,547937,497810,
8000,796763,724578,658837,
9000,1.00093e+06,935447,828550,
10000,1.25667e+06,1.13976e+06,1.03907e+06,
