elements,std::list,std::deque,std::vector,
1000,15385,11915,11512,
2000,47738,45193,38700,
3000,116578,107362,90255,
4000,207136,205265,162709,
5000,342381,352397,257211,
6000,458991,536122,370750,
7000,741830,677645,581496,
8000,950664,753475,776596,
9000,1.23368e+06,1.06616e+06,1.05809e+06,
10000,1.45642e+06,1.37082e+06,1.15137e+06,
