elements,std::list,std::deque,std::vector,
1000,18084,13537,13106,
2000,61557,46569,52614,
3000,120088,108633,100426,
4000,216203,186993,198753,
5000,352516,269697,279450,
6000,519623,391937,398642,
7000,699271,516978,559864,
8000,888794,715753,728212,
9000,1.11414e+06,919764,872413,
10000,1.35667e+06,1.21932e+06,1.06692e+06,
