elements,std::list,std::deque,std::vector,
1000,15405,13134,12763,
2000,51310,47544,48659,
3000,120265,115805,108468,
4000,222391,192189,186415,
5000,337534,316736,321739,
6000,501619,443256,454668,
7000,665994,614738,557470,
8000,871678,792343,735275,
9000,1.11037e+06,1.01768e+06,922807,
10000,1.39502e+06,1.28368e+06,1.14884e+06,
