elements,std::list,std::deque,std::vector,
1000,21026,22911,19396,
2000,81297,82856,76998,
3000,202351,202974,186089,
4000,345439,353792,342726,
5000,528876,554992,524415,
6000,774661,801782,752762,
7000,1.06343e+06,1.13259e+06,1.03369e+06,
8000,1.38836e+06,1.47486e+06,1.36023e+06,
9000,1.77317e+06,1.86459e+06,1.7047e+06,
10000,2.26445e+06,2.35438e+06,2.16027e+06,
