elements,std::list,std::deque,std::vector,
1000,71235,67370,54284,
2000,348170,272809,259557,
3000,678902,627938,762905,
4000,1.58918e+06,1.26243e+06,1.46993e+06,
5000,2.57811e+06,2.40092e+06,2.58086e+06,
6000,4.20995e+06,3.86193e+06,3.01878e+06,
7000,5.90026e+06,5.5347e+06,4.86501e+06,
8000,8.54616e+06,8.02346e+06,6.92571e+06,
9000,1.06843e+07,1.16081e+07,9.69699e+06,
10000,1.41382e+07,1.41102e+07,1.25206e+07,
