elements,std::list,std::deque,std::vector,
1000,22521,21724,22847,
2000,93598,96860,83974,
3000,197260,213320,190068,
4000,370474,359655,320822,
5000,568682,588943,582424,
6000,832661,845081,784144,
7000,1.11972e+06,1.18288e+06,1.09785e+06,
8000,1.48206e+06,1.54965e+06,1.44179e+06,
9000,1.92386e+06,1.98547e+06,1.85438e+06,
10000,2.38596e+06,2.47416e+06,2.34078e+06,
