elements,std::list,std::deque,std::vector,
1000,15208,11730,11674,
2000,60781,45962,44296,
3000,130542,97430,111832,
4000,222466,171780,181491,
5000,338803,279846,261876,
6000,584081,416716,436437,
7000,687843,558032,689299,
8000,909704,742888,703353,
9000,1.15199e+06,1.00576e+06,914140,
10000,1.3546e+06,1.15372e+06,1.08513e+06,
