elements,std::list,std::deque,std::vector,
1000,15277,13264,11542,
2000,62430,49602,45439,
3000,129561,115458,104294,
4000,245235,195483,210061,
5000,383777,350636,305883,
6000,560984,480026,412354,
7000,714796,613705,556530,
8000,930181,822128,769237,
9000,1.14667e+06,1.11182e+06,922868,
10000,1.30042e+06,1.30768e+06,1.17758e+06,
