elements,std::list,std::deque,std::vector,
1000,14333,12891,11512,
2000,63972,47424,38700,
3000,127228,122377,90255,
4000,218606,237613,162709,
5000,342959,338969,257211,
6000,500959,486795,370750,
7000,682188,665788,581496,
8000,929993,864402,776596,
9000,1.19335e+06,1.09066e+06,1.05809e+06,
10000,1.40448e+06,1.34122e+06,1.15137e+06,
