elements,std::list,std::deque,std::vector,
1000,62675,57697,57658,
2000,242994,248678,238871,
3000,589546,570025,571433,
4000,1.08026e+06,1.08731e+06,1.14063e+06,
5000,1.90342e+06,2.01881e+06,1.88974e+06,
6000,3.10776e+06,3.23338e+06,2.99174e+06,
7000,4.67739e+06,5.12045e+06,4.7054e+06,
8000,6.52649e+06,7.43267e+06,6.51866e+06,
9000,8.50632e+06,9.05742e+06,8.68667e+06,
10000,1.07436e+07,1.13485e+07,1.10893e+07,
