elements,std::list,std::deque,std::vector,"preallocated std::vector",
100000,111269,118082,118694,42297,
200000,200140,218625,225694,79262,
300000,316810,338611,437070,120867,
400000,437684,453721,474019,182860,
500000,563035,568319,571323,222983,
600000,653531,733033,1.31292e+06,251527,
700000,743130,824744,1.11075e+06,315810,
800000,971985,952986,1.07789e+06,338904,
900000,1.01825e+06,1.4554e+06,1.05722e+06,377281,
1000000,1.25391e+06,1.32143e+06,1.03708e+06,412226,
