elements,std::list,std::deque,std::vector,"preallocated std::vector",
100000,106501,109712,113544,44052,
200000,215323,238135,247422,86941,
300000,337121,355438,407520,123700,
400000,467597,458277,486268,174671,
500000,611581,638341,514231,221560,
600000,895908,735968,1.1746e+06,252635,
700000,1.07756e+06,876881,1.18837e+06,303956,
800000,976844,934304,1.46396e+06,440614,
900000,1.28456e+06,1.1481e+06,1.33937e+06,385756,
1000000,1.36646e+06,1.20142e+06,1.2059e+06,485580,
