elements,std::list,std::deque,std::vector,"preallocated std::vector",
100000,118728,125775,129058,43891,
200000,251422,261248,251710,88351,
300000,363199,401200,527024,153472,
400000,506525,537494,505912,184390,
500000,622375,655272,560011,239728,
600000,723046,764226,1.53967e+06,288836,
700000,985059,940354,1.29834e+06,337820,
800000,1.08374e+06,1.0845e+06,1.21181e+06,435470,
900000,1.17551e+06,1.21746e+06,1.37279e+06,503183,
1000000,1.42993e+06,1.42728e+06,1.3387e+06,515163,
