elements,std::list,std::deque,std::vector,"preallocated std::vector",
100000,104875,115061,112073,40723,
200000,211624,247061,248677,101721,
300000,343269,369926,537570,124975,
400000,427082,490833,647935,163949,
500000,519431,586965,770167,197960,
600000,655976,758350,1.35254e+06,267465,
700000,764189,798555,1.29849e+06,290666,
800000,859254,970057,1.03035e+06,342939,
900000,1.07573e+06,1.18629e+06,1.08667e+06,382661,
1000000,1.28182e+06,1.23626e+06,1.06732e+06,472245,
