elements,std::list,std::deque,std::vector,"preallocated std::vector",
100000,105150,110328,135629,43360,
200000,219154,249615,239943,88456,
300000,690700,428611,844882,156206,
400000,1.41807e+06,448146,680837,177353,
500000,1.80105e+06,605817,691005,218993,
600000,905391,655497,2.01968e+06,322962,
700000,1.10466e+06,856576,1.28058e+06,430759,
800000,1.30034e+06,1.02441e+06,1.3421e+06,601862,
900000,2.16576e+06,1.08484e+06,1.48413e+06,825033,
1000000,1.82035e+06,1.33534e+06,1.5648e+06,844058,
