elements,std::list,std::deque,std::vector,
1000,13305,9925,14704,
2000,47443,39212,60738,
3000,101197,90378,136424,
4000,186437,148115,247487,
5000,288800,226225,353102,
6000,423246,357365,501551,
7000,556965,451259,686883,
8000,730763,602701,844377,
9000,919573,782393,964081,
10000,1.12779e+06,1.25528e+06,1.20685e+06,
