elements,std::list,std::deque,std::vector,
1000,11890,10968,11372,
2000,47208,42278,43533,
3000,108798,102064,85158,
4000,196616,170278,161489,
5000,295497,265677,236258,
6000,428234,404580,354145,
7000,573496,535379,475024,
8000,771223,700187,648295,
9000,981532,889695,903508,
10000,1.19416e+06,1.09011e+06,1.12187e+06,
