elements,std::list,std::deque,std::vector,
1000,13539,11292,12807,
2000,52757,44179,42914,
3000,117990,100023,94886,
4000,213701,190100,175893,
5000,316780,291408,258404,
6000,469213,417423,390183,
7000,622340,560954,519936,
8000,824021,744770,681801,
9000,1.02772e+06,954325,851928,
10000,1.3182e+06,1.22529e+06,1.06217e+06,
