elements,std::list,std::deque,std::vector,
1000,49869,48922,42320,
2000,210252,219836,191795,
3000,504324,513436,432446,
4000,913893,940031,806925,
5000,1.43378e+06,1.44967e+06,1.23362e+06,
6000,2.08979e+06,2.14154e+06,1.82e+06,
7000,2.89455e+06,3.05912e+06,2.51427e+06,
8000,3.95962e+06,4.0081e+06,3.349e+06,
9000,5.18238e+06,5.30825e+06,4.47296e+06,
10000,6.62004e+06,6.90508e+06,5.72636e+06,
