elements,std::list,std::deque,std::vector,
1000,57620,59405,59934,
2000,253958,255015,253277,
3000,611377,613756,630722,
4000,1.33243e+06,1.23162e+06,1.2648e+06,
5000,3.45221e+06,2.16528e+06,2.17268e+06,
6000,4.29786e+06,3.55225e+06,2.92202e+06,
7000,5.90677e+06,5.70205e+06,5.12056e+06,
8000,8.67892e+06,8.28177e+06,6.7564e+06,
9000,1.12228e+07,1.08269e+07,9.83147e+06,
10000,1.39218e+07,1.40211e+07,1.24554e+07,
