elements,std::list,std::deque,std::vector,"preallocated std::vector",
100000,121477,177711,120400,51678,
200000,222599,310408,258161,97325,
300000,358323,458094,470552,161447,
400000,512183,553836,601894,192812,
500000,636735,717340,537817,251040,
600000,773752,809389,1.507e+06,289868,
700000,995963,1.17651e+06,1.27908e+06,329741,
800000,1.12991e+06,1.21832e+06,1.1332e+06,579409,
900000,1.31968e+06,1.65398e+06,1.30684e+06,385939,
1000000,2.03754e+06,1.65831e+06,1.46026e+06,536874,
