elements,std::list,std::deque,std::vector,"preallocated std::vector",
100000,114893,106211,127393,43937,
200000,222892,244926,246308,83810,
300000,345335,369599,471059,127394,
400000,455221,463850,464649,170566,
500000,572826,669361,618872,219186,
600000,1.04038e+06,721497,1.25e+06,253943,
700000,977420,857903,1.09001e+06,362456,
800000,1.31429e+06,983677,1.14194e+06,343536,
900000,1.03123e+06,1.12321e+06,1.1756e+06,397312,
1000000,1.27689e+06,1.2144e+06,1.16331e+06,463539,
