elements,std::list,std::deque,std::vector,"preallocated std::vector",
100000,111948,104904,120654,46839,
200000,216209,230889,282608,104455,
300000,350266,359199,477609,133557,
400000,448759,460833,461884,183622,
500000,629076,587953,615810,221719,
600000,850634,791434,1.26415e+06,264386,
700000,935737,890318,1.13487e+06,342251,
800000,1.35845e+06,1.01414e+06,1.06156e+06,418898,
900000,1.10564e+06,1.15469e+06,1.12253e+06,503121,
1000000,1.25423e+06,1.2959e+06,1.33058e+06,642991,
