elements,std::list,std::deque,std::vector,
10000,540793,426401,419322,
20000,2.16628e+06,1.6867e+06,1.66499e+06,
30000,4.82984e+06,3.82813e+06,3.74447e+06,
40000,8.67234e+06,6.74661e+06,6.68618e+06,
50000,1.35712e+07,1.04871e+07,1.04701e+07,
60000,1.98246e+07,1.51065e+07,1.50512e+07,
70000,2.7314e+07,2.0662e+07,2.05508e+07,
80000,3.63225e+07,2.69933e+07,2.70784e+07,
90000,4.60332e+07,3.42603e+07,3.42741e+07,
100000,5.6817e+07,4.23484e+07,4.22623e+07,
