elements,std::deque,std::vector,std::list,
10000,1.29522e+06,949472,573044,
20000,6.3337e+06,4.30101e+06,2.55357e+06,
30000,1.74371e+07,1.26615e+07,6.50412e+06,
40000,3.63455e+07,2.85966e+07,1.26639e+07,
50000,6.38169e+07,5.1553e+07,2.18629e+07,
60000,9.98358e+07,8.29556e+07,3.2386e+07,
70000,1.42372e+08,1.15479e+08,4.60062e+07,
80000,1.76765e+08,1.69695e+08,6.55037e+07,
90000,2.32127e+08,2.31442e+08,8.4301e+07,
100000,3.00127e+08,2.84254e+08,1.06455e+08,
