elements,std::deque,std::vector,std::list,
1000,24542,33341,8111,
2000,117012,126503,29060,
3000,324261,322633,61246,
4000,642254,632256,106712,
5000,1.0622e+06,1.10298e+06,166197,
6000,1.47509e+06,1.68267e+06,260933,
7000,1.94891e+06,2.52713e+06,371990,
8000,2.95085e+06,3.51479e+06,479245,
9000,4.68712e+06,4.93307e+06,611787,
10000,5.46026e+06,6.50855e+06,733066,
