elements,std::list,std::deque,std::vector,
10000,528013,531325,434928,
20000,2.1342e+06,2.12029e+06,1.74285e+06,
30000,4.93452e+06,4.80615e+06,3.95653e+06,
40000,8.85768e+06,8.53158e+06,7.1201e+06,
50000,1.40299e+07,1.33774e+07,1.12404e+07,
60000,2.04131e+07,1.94548e+07,1.62243e+07,
70000,2.80693e+07,2.65423e+07,2.21738e+07,
80000,3.74449e+07,3.48079e+07,2.94818e+07,
90000,5.06259e+07,4.42426e+07,3.71355e+07,
100000,6.53624e+07,5.49834e+07,4.59372e+07,
