elements,std::list,std::deque,
100000,48962,42787,
200000,85455,87785,
300000,166335,163308,
400000,296392,272160,
500000,419876,393572,
600000,608159,572602,
700000,677880,633034,
800000,896166,757586,
900000,978198,879685,
1000000,1.02271e+06,1.01148e+06,
