elements,std::list,std::deque,
100000,53629,52315,
200000,96664,96629,
300000,181094,176786,
400000,387341,294266,
500000,763903,415213,
600000,778540,537824,
700000,1.1414e+06,676439,
800000,2.25849e+06,816817,
900000,2.16346e+06,1.09983e+06,
1000000,1.24924e+06,1.11917e+06,
