elements,std::list,std::deque,std::vector,
100000,5847,3494,603167,
200000,11240,4320,2.80553e+06,
300000,19723,6002,7.8655e+06,
400000,24367,8477,1.57628e+07,
500000,28374,10709,2.658e+07,
600000,33271,13437,3.69873e+07,
700000,38404,17596,4.96246e+07,
800000,44593,20764,6.36268e+07,
900000,49401,22271,8.53062e+07,
1000000,54868,24712,1.07866e+08,
