elements,std::list,std::deque,std::vector,"preallocated std::vector",
100000,6594,3945,697908,692854,
200000,12892,4671,3.16436e+06,2.91021e+06,
300000,19362,6319,8.894e+06,8.5515e+06,
400000,22284,8117,1.73318e+07,1.68588e+07,
500000,27136,10314,2.80137e+07,2.77753e+07,
600000,33691,12870,4.09186e+07,4.05518e+07,
700000,37968,14649,5.80408e+07,5.62642e+07,
800000,42966,16283,7.51502e+07,6.77667e+07,
900000,57411,18927,9.44326e+07,8.84583e+07,
1000000,60067,24156,1.11749e+08,1.02125e+08,
