elements,std::list,std::deque,std::vector,
10000,129400,105303,104373,
20000,270366,206008,205073,
30000,365707,302301,280883,
40000,477543,463908,383369,
50000,628275,557053,532335,
60000,745629,634546,581396,
70000,908952,708996,729170,
80000,998261,806741,891721,
90000,1.1851e+06,845589,927563,
100000,1.38529e+06,942222,1.00648e+06,
