elements,std::list,std::deque,std::vector,
10000,161224,163359,125277,
20000,280783,307174,272934,
30000,411561,467507,385970,
40000,552328,607665,530486,
50000,689870,792738,641123,
60000,856567,952139,792055,
70000,995622,1.1362e+06,925421,
80000,1.15665e+06,1.32942e+06,1.09674e+06,
90000,1.27984e+06,1.52452e+06,1.23292e+06,
100000,1.47499e+06,1.70863e+06,1.42659e+06,
