elements,std::list,std::deque,std::vector,
10000,1.14327e+06,2.08281e+06,2.70797e+06,
20000,2.78043e+06,4.63425e+06,5.7109e+06,
30000,4.4005e+06,7.50117e+06,8.67914e+06,
40000,6.0431e+06,1.01834e+07,1.16295e+07,
50000,7.73046e+06,1.28882e+07,1.48186e+07,
60000,9.26309e+06,1.54856e+07,1.77642e+07,
70000,1.10446e+07,1.83208e+07,2.07681e+07,
80000,1.23627e+07,2.09835e+07,2.33631e+07,
90000,1.39626e+07,2.35133e+07,2.62612e+07,
100000,1.54289e+07,2.59006e+07,2.91509e+07,
