elements,std::list,std::deque,std::vector,
10000,153726,133102,130348,
20000,273385,247118,253829,
30000,417260,340128,324565,
40000,526347,475705,469781,
50000,715680,574264,582275,
60000,902252,698760,702196,
70000,955187,837243,740832,
80000,1.0609e+06,992528,826406,
90000,1.22547e+06,1.05664e+06,956864,
100000,1.32406e+06,1.20176e+06,1.09182e+06,
