elements,std::list,std::deque,std::vector,
10000,123806,134852,119476,
20000,268107,249812,228196,
30000,419999,386649,345044,
40000,593751,508398,458846,
50000,695249,669236,644374,
60000,881577,760246,698570,
70000,1.01291e+06,944384,843385,
80000,1.2028e+06,1.05579e+06,930150,
90000,1.26282e+06,1.24479e+06,1.00974e+06,
100000,1.66754e+06,1.4271e+06,1.16402e+06,
