elements,std::list,std::deque,std::vector,
10000,138965,157949,133692,
20000,291526,319026,253994,
30000,439770,431278,361421,
40000,691910,590584,551200,
50000,901312,725904,673076,
60000,1.07722e+06,925532,773491,
70000,1.21945e+06,977147,1.00252e+06,
80000,1.426e+06,1.30628e+06,1.04116e+06,
90000,1.45877e+06,1.46923e+06,1.24567e+06,
100000,1.61865e+06,1.48917e+06,1.43211e+06,
