elements,std::list,std::deque,std::vector,
10000,326893,466898,461561,
20000,892748,1.39252e+06,1.40258e+06,
30000,1.52502e+06,2.49176e+06,2.36814e+06,
40000,2.14341e+06,3.39382e+06,3.25022e+06,
50000,3.35354e+06,4.04369e+06,4.13293e+06,
60000,3.6127e+06,4.66213e+06,4.97595e+06,
70000,3.98553e+06,5.64499e+06,5.86958e+06,
80000,4.50042e+06,6.66027e+06,6.68161e+06,
90000,5.10795e+06,7.48031e+06,8.25489e+06,
100000,5.60625e+06,8.42325e+06,8.40932e+06,
