elements,std::list,std::deque,std::vector,
10000,143050,162925,122549,
20000,294498,298849,264520,
30000,400650,461123,417102,
40000,559233,631647,511297,
50000,691792,791323,628270,
60000,902365,991829,738634,
70000,1.03114e+06,1.1644e+06,909882,
80000,1.18168e+06,1.33182e+06,1.09018e+06,
90000,1.30806e+06,1.4572e+06,1.27535e+06,
100000,1.59883e+06,1.77304e+06,1.43581e+06,
