elements,std::list,std::deque,std::vector,
10000,256583,500210,373007,
20000,596758,1.27841e+06,1.15899e+06,
30000,1.178e+06,2.37768e+06,2.22088e+06,
40000,1.70653e+06,3.2556e+06,3.06723e+06,
50000,2.16833e+06,4.0924e+06,3.91964e+06,
60000,2.80686e+06,4.93828e+06,4.76564e+06,
70000,3.43521e+06,6.05561e+06,5.57181e+06,
80000,3.90325e+06,7.20905e+06,6.3368e+06,
90000,4.4379e+06,8.01228e+06,7.21405e+06,
100000,5.01077e+06,9.07716e+06,8.002e+06,
