elements,std::list,std::deque,std::vector,
10000,1.21411e+06,2.38404e+06,2.93733e+06,
20000,2.70972e+06,4.94633e+06,6.09931e+06,
30000,4.13711e+06,7.43051e+06,9.43962e+06,
40000,5.41057e+06,9.95414e+06,1.30701e+07,
50000,7.02165e+06,1.15277e+07,1.64557e+07,
60000,8.37407e+06,1.40145e+07,1.96318e+07,
70000,1.01279e+07,1.67635e+07,2.18201e+07,
80000,1.18113e+07,1.90075e+07,2.48371e+07,
90000,1.33575e+07,2.14735e+07,2.8686e+07,
100000,1.5178e+07,2.46731e+07,3.18079e+07,
