elements,std::list,std::deque,std::vector,
10000,350584,479702,577093,
20000,985800,1.40901e+06,1.90346e+06,
30000,1.73581e+06,2.55116e+06,3.19209e+06,
40000,2.4487e+06,3.49369e+06,4.00081e+06,
50000,3.24711e+06,4.36566e+06,4.73595e+06,
60000,3.78486e+06,5.45002e+06,6.15398e+06,
70000,4.61193e+06,6.44539e+06,7.05068e+06,
80000,5.26721e+06,7.18951e+06,8.34555e+06,
90000,5.88847e+06,8.55652e+06,9.50778e+06,
100000,6.58586e+06,1.03023e+07,1.06418e+07,
