elements,std::list,std::deque,std::vector,
10000,289200,418240,403375,
20000,678495,1.08474e+06,1.16017e+06,
30000,1.27093e+06,2.1131e+06,2.32042e+06,
40000,1.88534e+06,2.8959e+06,3.13366e+06,
50000,2.44759e+06,3.69384e+06,4.01882e+06,
60000,3.176e+06,4.46333e+06,4.82477e+06,
70000,3.83221e+06,5.35388e+06,5.69654e+06,
80000,4.47096e+06,6.13311e+06,6.45022e+06,
90000,5.05215e+06,6.94878e+06,7.3726e+06,
100000,5.72714e+06,7.70949e+06,8.12527e+06,
