elements,std::list,std::deque,std::vector,
10000,150718,133773,111781,
20000,298808,265382,225736,
30000,434396,448139,395159,
40000,615796,612098,545396,
50000,806155,799899,686963,
60000,1.10296e+06,974471,853573,
70000,1.24765e+06,1.09309e+06,968487,
80000,1.38048e+06,1.28583e+06,1.05673e+06,
90000,1.5852e+06,1.44608e+06,1.10276e+06,
100000,1.86267e+06,1.60368e+06,1.39515e+06,
