elements,std::list,std::deque,std::vector,
10000,124439,138699,107476,
20000,282031,286667,261543,
30000,395253,437791,379064,
40000,534697,601831,526925,
50000,682695,774225,646839,
60000,818099,924600,772081,
70000,968837,1.10289e+06,915119,
80000,1.13072e+06,1.25732e+06,1.09795e+06,
90000,1.24012e+06,1.47374e+06,1.25085e+06,
100000,1.41641e+06,1.7121e+06,1.41895e+06,
