elements,std::list,std::deque,std::vector,
10000,1.11976e+06,1.70805e+06,2.52907e+06,
20000,2.5155e+06,3.96752e+06,5.62516e+06,
30000,3.92395e+06,6.35324e+06,8.40546e+06,
40000,5.54086e+06,9.15646e+06,1.13865e+07,
50000,7.47171e+06,1.17882e+07,1.43384e+07,
60000,8.89739e+06,1.45064e+07,1.72351e+07,
70000,1.06354e+07,1.72939e+07,2.03327e+07,
80000,1.23983e+07,2.00383e+07,2.35863e+07,
90000,1.41048e+07,2.32298e+07,2.60848e+07,
100000,1.55341e+07,2.47372e+07,2.91163e+07,
