elements,std::list,std::deque,std::vector,
10000,154976,139336,136515,
20000,305097,298672,265788,
30000,498789,448867,399251,
40000,646656,583173,521554,
50000,873856,707407,701066,
60000,1.02611e+06,868662,855625,
70000,1.23697e+06,1.02363e+06,994095,
80000,1.54229e+06,1.1519e+06,1.13941e+06,
90000,1.66365e+06,1.28628e+06,1.24309e+06,
100000,1.89962e+06,1.40246e+06,1.45092e+06,
