elements,std::list,std::deque,std::vector,
10000,164659,174292,129068,
20000,313551,404768,282951,
30000,460236,556112,496017,
40000,674498,751752,561532,
50000,951283,945117,850192,
60000,1.07801e+06,1.20277e+06,938998,
70000,1.10839e+06,1.34812e+06,1.19444e+06,
80000,1.30549e+06,1.70519e+06,1.4559e+06,
90000,1.54088e+06,1.80753e+06,1.52043e+06,
100000,1.76905e+06,1.98953e+06,1.69678e+06,
