elements,std::list,std::deque,std::vector,
10000,181653,161758,130606,
20000,315768,325673,257664,
30000,502317,511976,394930,
40000,679758,912537,524698,
50000,849504,951755,672675,
60000,895354,1.20067e+06,814239,
70000,1.21387e+06,1.34336e+06,1.01905e+06,
80000,1.32694e+06,1.65722e+06,1.16128e+06,
90000,1.49614e+06,1.87095e+06,1.50258e+06,
100000,1.64562e+06,1.79762e+06,1.56368e+06,
