elements,std::list,std::deque,std::vector,
10000,135224,117908,112870,
20000,256112,192655,218085,
30000,380010,332407,359643,
40000,555270,437418,447915,
50000,701040,554584,566255,
60000,801248,624606,670426,
70000,946502,820261,807071,
80000,1.21119e+06,951272,861795,
90000,1.1661e+06,1.03926e+06,1.02359e+06,
100000,1.37872e+06,1.13855e+06,1.1364e+06,
