elements,std::list,std::deque,std::vector,
10000,116821,122636,100471,
20000,256225,255898,221002,
30000,381142,381728,329246,
40000,526657,519863,463356,
50000,665318,643811,579811,
60000,803255,790670,672599,
70000,947813,907039,819335,
80000,1.11676e+06,1.05876e+06,907291,
90000,1.29164e+06,1.1932e+06,1.05028e+06,
100000,1.47068e+06,1.35531e+06,1.16143e+06,
