elements,std::list,std::deque,std::vector,
10000,1.42771e+06,2.30197e+06,3.68608e+06,
20000,3.16053e+06,5.22949e+06,7.61777e+06,
30000,4.6254e+06,8.04968e+06,1.12577e+07,
40000,6.70965e+06,1.08786e+07,1.42847e+07,
50000,8.79558e+06,1.41297e+07,1.7955e+07,
60000,1.02619e+07,1.70906e+07,2.16463e+07,
70000,1.22408e+07,1.97846e+07,2.52962e+07,
80000,1.35975e+07,2.31194e+07,2.87902e+07,
90000,1.53835e+07,2.47888e+07,3.2695e+07,
100000,1.75791e+07,2.65314e+07,3.65106e+07,
